{"$schema":"http://schema.management.azure.com/schemas/2015-01-01/deploymentTemplate.json#","contentVersion":"1.0.0.0","parameters":{"incre_db":{"type":"string"},"lake_san":{"type":"string"}},"variables":{},"resources":[{"name":"incre1","type":"pipelines","apiVersion":"2018-06-01","properties":{"activities":[{"name":"LAST LOAD","type":"Lookup","dependsOn":[],"policy":{"timeout":"0.12:00:00","retry":0,"retryIntervalInSeconds":30,"secureOutput":false,"secureInput":false},"typeProperties":{"source":{"type":"FabricSqlDatabaseSource","sqlReaderQuery":"SELECT * FROM WATER_TABLE ","queryTimeout":"02:00:00","partitionOption":"None"},"firstRowOnly":false,"datasetSettings":{"annotations":[],"connectionSettings":{"name":"incre_db","properties":{"annotations":[],"type":"FabricSqlDatabase","typeProperties":{"workspaceId":"caed508d-2ab3-455d-b576-b31e48b1c5a7","artifactId":"[parameters('incre_db')]"},"externalReferences":{"connection":"4c6eb63b-0fb4-4660-a2fc-fdb2d2711e66"}}},"type":"FabricSqlDatabaseTable","schema":[],"typeProperties":{"schema":"dbo","table":{"value":"@pipeline().parameters.table_name","type":"Expression"}}}}},{"name":"CURRENT LOAD","type":"Lookup","dependsOn":[],"policy":{"timeout":"0.12:00:00","retry":0,"retryIntervalInSeconds":30,"secureOutput":false,"secureInput":false},"typeProperties":{"source":{"type":"FabricSqlDatabaseSource","sqlReaderQuery":"SELECT MAX(DATE_ID) AS max_date FROM source_cars","queryTimeout":"02:00:00","partitionOption":"None"},"firstRowOnly":false,"datasetSettings":{"annotations":[],"connectionSettings":{"name":"incre_db","properties":{"annotations":[],"type":"FabricSqlDatabase","typeProperties":{"workspaceId":"caed508d-2ab3-455d-b576-b31e48b1c5a7","artifactId":"[parameters('incre_db')]"},"externalReferences":{"connection":"4c6eb63b-0fb4-4660-a2fc-fdb2d2711e66"}}},"type":"FabricSqlDatabaseTable","schema":[],"typeProperties":{}}}},{"name":"Copy data1","type":"Copy","dependsOn":[{"activity":"LAST LOAD","dependencyConditions":["Succeeded"]},{"activity":"CURRENT LOAD","dependencyConditions":["Succeeded"]}],"policy":{"timeout":"0.12:00:00","retry":0,"retryIntervalInSeconds":30,"secureOutput":false,"secureInput":false},"typeProperties":{"source":{"type":"FabricSqlDatabaseSource","sqlReaderQuery":{"value":"SELECT *\nFROM SOURCE_CARS\nWHERE DATE_ID >= '@{activity('LAST LOAD').output.value[0].last_load}' AND DATE_ID <= '@{activity('CURRENT LOAD').output.value[0].max_date}'","type":"Expression"},"queryTimeout":"02:00:00","partitionOption":"None","datasetSettings":{"annotations":[],"connectionSettings":{"name":"incre_db","properties":{"annotations":[],"type":"FabricSqlDatabase","typeProperties":{"workspaceId":"caed508d-2ab3-455d-b576-b31e48b1c5a7","artifactId":"[parameters('incre_db')]"},"externalReferences":{"connection":"4c6eb63b-0fb4-4660-a2fc-fdb2d2711e66"}}},"type":"FabricSqlDatabaseTable","schema":[],"typeProperties":{}}},"sink":{"type":"ParquetSink","storeSettings":{"type":"LakehouseWriteSettings"},"formatSettings":{"type":"ParquetWriteSettings","enableVertiParquet":true},"datasetSettings":{"annotations":[],"connectionSettings":{"name":"lake_san","properties":{"annotations":[],"type":"Lakehouse","typeProperties":{"workspaceId":"caed508d-2ab3-455d-b576-b31e48b1c5a7","artifactId":"[parameters('lake_san')]","rootFolder":"Files"},"externalReferences":{"connection":"69d97ed1-0b38-4944-ab46-569634f8d719"}}},"type":"Parquet","typeProperties":{"location":{"type":"LakehouseLocation","folderPath":"bronze"},"compressionCodec":"snappy"},"schema":[]}},"enableStaging":false,"translator":{"type":"TabularTranslator","typeConversion":true,"typeConversionSettings":{"allowDataTruncation":true,"treatBooleanAsNumber":false}}}},{"name":"watermark update","type":"SqlServerStoredProcedure","dependsOn":[{"activity":"Copy data1","dependencyConditions":["Succeeded"]}],"policy":{"timeout":"0.12:00:00","retry":0,"retryIntervalInSeconds":30,"secureOutput":false,"secureInput":false},"typeProperties":{"storedProcedureName":"[[dbo].[Updatewater_table]","storedProcedureParameters":{"lastLoad":{"value":{"value":"@activity('CURRENT LOAD').output.value[0].max_date","type":"Expression"},"type":"String"}}},"connectionSettings":{"name":"incre_db","properties":{"annotations":[],"type":"FabricSqlDatabase","typeProperties":{"workspaceId":"caed508d-2ab3-455d-b576-b31e48b1c5a7","artifactId":"[parameters('incre_db')]"},"externalReferences":{"connection":"4c6eb63b-0fb4-4660-a2fc-fdb2d2711e66"}}}}],"parameters":{"table_name":{"type":"string"}},"lastModifiedByObjectId":"f7fc9129-150a-41a1-8e55-bee4603913de","lastPublishTime":"2025-12-25T11:23:52Z"},"dependsOn":[]}]}