{"$schema":"http://schema.management.azure.com/schemas/2015-01-01/deploymentTemplate.json#","contentVersion":"1.0.0.0","parameters":{"incre_git_conn fabricsan":{"type":"string"},"incre_db":{"type":"string"}},"variables":{},"resources":[{"name":"gittodb","type":"pipelines","apiVersion":"2018-06-01","properties":{"activities":[{"name":"Copy data1","type":"Copy","dependsOn":[],"policy":{"timeout":"0.12:00:00","retry":0,"retryIntervalInSeconds":30,"secureOutput":false,"secureInput":false},"typeProperties":{"source":{"type":"DelimitedTextSource","storeSettings":{"type":"HttpReadSettings","requestMethod":"GET"},"formatSettings":{"type":"DelimitedTextReadSettings"},"datasetSettings":{"annotations":[],"type":"DelimitedText","typeProperties":{"location":{"type":"HttpServerLocation","relativeUrl":{"value":"Santhosh231401094/AZURE-DE-Project/refs/heads/main/Raw%20Data/@{pipeline().parameters.table_name}","type":"Expression"}},"columnDelimiter":",","escapeChar":"\\","firstRowAsHeader":true,"quoteChar":"\""},"schema":[],"externalReferences":{"connection":"[parameters('incre_git_conn fabricsan')]"}}},"sink":{"type":"FabricSqlDatabaseSink","preCopyScript":"TRUNCATE TABLE dbo.source_cars;\n","writeBehavior":"insert","sqlWriterUseTableLock":false,"datasetSettings":{"annotations":[],"connectionSettings":{"name":"incre_db","properties":{"annotations":[],"type":"FabricSqlDatabase","typeProperties":{"workspaceId":"caed508d-2ab3-455d-b576-b31e48b1c5a7","artifactId":"[parameters('incre_db')]"},"externalReferences":{"connection":"4c6eb63b-0fb4-4660-a2fc-fdb2d2711e66"}}},"type":"FabricSqlDatabaseTable","schema":[],"typeProperties":{"schema":"dbo","table":"source_cars"}}},"enableStaging":false,"translator":{"type":"TabularTranslator","mappings":[{"source":{"name":"Branch_ID","type":"String","physicalType":"String"},"sink":{"name":"Branch_ID","physicalType":"varchar","length":"200"}},{"source":{"name":"Dealer_ID","type":"String","physicalType":"String"},"sink":{"name":"Dealer_ID","physicalType":"varchar","length":"200"}},{"source":{"name":"Model_ID","type":"String","physicalType":"String"},"sink":{"name":"Model_ID","physicalType":"varchar","length":"200"}},{"source":{"name":"Revenue","type":"String","physicalType":"String"},"sink":{"name":"Revenue","physicalType":"bigint"}},{"source":{"name":"Units_Sold","type":"String","physicalType":"String"},"sink":{"name":"Units_sold","physicalType":"bigint"}},{"source":{"name":"Date_ID","type":"String","physicalType":"String"},"sink":{"name":"Date_ID","physicalType":"varchar","length":"200"}},{"source":{"name":"Day","type":"String","physicalType":"String"},"sink":{"name":"Day","physicalType":"int"}},{"source":{"name":"Month","type":"String","physicalType":"String"},"sink":{"name":"Month","physicalType":"int"}},{"source":{"name":"Year","type":"String","physicalType":"String"},"sink":{"name":"Year","physicalType":"int"}},{"source":{"name":"BranchName","type":"String","physicalType":"String"},"sink":{"name":"BranchName","physicalType":"varchar","length":"2000"}},{"source":{"name":"DealerName","type":"String","physicalType":"String"},"sink":{"name":"DealerName","physicalType":"varchar","length":"2000"}}],"typeConversion":true,"typeConversionSettings":{"allowDataTruncation":true,"treatBooleanAsNumber":false}}}}],"parameters":{"table_name":{"type":"string"}},"lastModifiedByObjectId":"f7fc9129-150a-41a1-8e55-bee4603913de","lastPublishTime":"2025-12-23T15:53:17Z"},"dependsOn":[]}]}