{"$schema":"http://schema.management.azure.com/schemas/2015-01-01/deploymentTemplate.json#","contentVersion":"1.0.0.0","parameters":{"FabricDataPipelines fabricsan":{"type":"string"}},"variables":{},"resources":[{"name":"final_pipeline","type":"pipelines","apiVersion":"2018-06-01","properties":{"activities":[{"name":"git to db","type":"InvokePipeline","dependsOn":[],"policy":{"timeout":"0.12:00:00","retry":0,"retryIntervalInSeconds":30,"secureOutput":false,"secureInput":false},"typeProperties":{"waitOnCompletion":true,"operationType":"InvokeFabricPipeline","pipelineId":"4554e7a7-654c-425c-962a-66d9d5c45d33","workspaceId":"caed508d-2ab3-455d-b576-b31e48b1c5a7","parameters":{"table_name":"incre-2.csv"}},"externalReferences":{"connection":"[parameters('FabricDataPipelines fabricsan')]"}},{"name":"incremental pipeline","type":"InvokePipeline","dependsOn":[{"activity":"git to db","dependencyConditions":["Succeeded"]}],"policy":{"timeout":"0.12:00:00","retry":0,"retryIntervalInSeconds":30,"secureOutput":false,"secureInput":false},"typeProperties":{"waitOnCompletion":true,"operationType":"InvokeFabricPipeline","pipelineId":"34cbfb88-a3ca-4071-bccd-ddc2c877e34d","workspaceId":"caed508d-2ab3-455d-b576-b31e48b1c5a7","parameters":{"table_name":"source_cars"}},"externalReferences":{"connection":"[parameters('FabricDataPipelines fabricsan')]"}},{"name":"final_workflow","type":"InvokePipeline","dependsOn":[{"activity":"incremental pipeline","dependencyConditions":["Succeeded"]}],"policy":{"timeout":"0.12:00:00","retry":0,"retryIntervalInSeconds":30,"secureOutput":false,"secureInput":false},"typeProperties":{"waitOnCompletion":true,"operationType":"InvokeFabricPipeline","pipelineId":"dedae712-2f5b-4ade-869c-dfc74bf00c23","workspaceId":"caed508d-2ab3-455d-b576-b31e48b1c5a7","parameters":{}},"externalReferences":{"connection":"[parameters('FabricDataPipelines fabricsan')]"}}],"lastModifiedByObjectId":"f7fc9129-150a-41a1-8e55-bee4603913de","lastPublishTime":"2025-12-28T10:45:23Z"},"dependsOn":[]}]}