{"$schema":"http://schema.management.azure.com/schemas/2015-01-01/deploymentTemplate.json#","contentVersion":"1.0.0.0","parameters":{},"variables":{},"resources":[{"name":"work_flow","type":"pipelines","apiVersion":"2018-06-01","properties":{"activities":[{"name":"silver_notebok","type":"TridentNotebook","dependsOn":[],"policy":{"timeout":"0.12:00:00","retry":0,"retryIntervalInSeconds":30,"secureOutput":false,"secureInput":false},"typeProperties":{"notebookId":"d065c589-daaf-486e-893a-bc2836c72e42","workspaceId":"caed508d-2ab3-455d-b576-b31e48b1c5a7"}},{"name":"dim_model","type":"TridentNotebook","dependsOn":[{"activity":"silver_notebok","dependencyConditions":["Succeeded"]}],"policy":{"timeout":"0.12:00:00","retry":0,"retryIntervalInSeconds":30,"secureOutput":false,"secureInput":false},"typeProperties":{"notebookId":"be64f475-5b3d-43fa-950d-ec937d673529","workspaceId":"caed508d-2ab3-455d-b576-b31e48b1c5a7"}},{"name":"dim_dealer","type":"TridentNotebook","dependsOn":[{"activity":"silver_notebok","dependencyConditions":["Succeeded"]}],"policy":{"timeout":"0.12:00:00","retry":0,"retryIntervalInSeconds":30,"secureOutput":false,"secureInput":false},"typeProperties":{"notebookId":"cab5fc66-a3ae-4504-b487-9f0232212040","workspaceId":"caed508d-2ab3-455d-b576-b31e48b1c5a7"}},{"name":"dim_branch","type":"TridentNotebook","dependsOn":[{"activity":"silver_notebok","dependencyConditions":["Succeeded"]}],"policy":{"timeout":"0.12:00:00","retry":0,"retryIntervalInSeconds":30,"secureOutput":false,"secureInput":false},"typeProperties":{"notebookId":"a3733917-220d-46b3-99e1-ea1b34a615b6","workspaceId":"caed508d-2ab3-455d-b576-b31e48b1c5a7"}},{"name":"dim_date","type":"TridentNotebook","dependsOn":[{"activity":"silver_notebok","dependencyConditions":["Succeeded"]}],"policy":{"timeout":"0.12:00:00","retry":0,"retryIntervalInSeconds":30,"secureOutput":false,"secureInput":false},"typeProperties":{"notebookId":"3967c1ba-6be5-480c-874e-7a5c9930404c","workspaceId":"caed508d-2ab3-455d-b576-b31e48b1c5a7"}},{"name":"fact sales","type":"TridentNotebook","dependsOn":[{"activity":"dim_model","dependencyConditions":["Succeeded"]},{"activity":"dim_dealer","dependencyConditions":["Succeeded"]},{"activity":"dim_branch","dependencyConditions":["Succeeded"]},{"activity":"dim_date","dependencyConditions":["Succeeded"]}],"policy":{"timeout":"0.12:00:00","retry":0,"retryIntervalInSeconds":30,"secureOutput":false,"secureInput":false},"typeProperties":{"notebookId":"cbfb5bc6-536c-41ac-9a2e-9e2d36d71fcc","workspaceId":"caed508d-2ab3-455d-b576-b31e48b1c5a7"}}],"lastModifiedByObjectId":"f7fc9129-150a-41a1-8e55-bee4603913de","lastPublishTime":"2025-12-28T08:03:25Z"},"dependsOn":[]}]}